id;X;Y;Area;Population
1;29,010067681000066;41,005568511000035;0,000000000000000;0,000000000000000
2;29,041712288000042;40,981627253000056;502,736702119127074;0,000000000000000
3;29,040079313000035;41,001498561000062;509,980418892715193;0,000000000000000
4;29,081425379000052;40,985385839000060;65000,000000000000000;0,000000000000000
5;29,038658510000062;40,972710324000047;552,857285649390178;0,000000000000000
6;29,048300854000047;40,987947941000073;560,704114996260387;0,000000000000000
7;29,086067221000064;40,963298776000045;563,005324360847453;0,000000000000000
8;29,066169492000029;40,974014455000031;579,470233036941863;0,000000000000000
9;29,075019593000036;40,961101098000029;579,662287064591283;0,000000000000000
10;29,043696808000050;40,994285663000028;588,636480687038556;0,000000000000000
11;29,068263800000068;40,966479300000060;594,892329679572299;0,000000000000000
12;29,057215853000059;40,974294863000068;596,764038280288332;0,000000000000000
13;29,031855400000040;41,006107850000035;598,225388522945082;0,000000000000000
14;29,054627450000055;40,974646000000064;616,740391640329676;0,000000000000000
15;29,083995529000049;40,963854204000029;618,798841470690377;0,000000000000000
16;29,037946641000076;40,986347102000025;624,611585460254446;0,000000000000000
17;29,042414205000057;40,980990630000065;633,804892865655120;0,000000000000000
18;29,100294018000056;40,965925901000048;647,378618833038786;0,000000000000000
19;29,042055173000051;40,994783677000044;648,344498382932102;0,000000000000000
20;29,053564950000066;40,969290600000079;653,417903475356752;0,000000000000000
21;29,037324963000060;40,998616698000035;656,297630925067210;0,000000000000000
22;29,084303567000063;40,970576500000050;680,364968709249069;0,000000000000000
23;29,045149415000026;40,996182403000034;704,951778545339607;0,000000000000000
24;29,098424020000039;40,977806598000029;70000,000000000000000;0,000000000000000
25;29,026647698000033;40,995944052000027;738,877147549082110;0,000000000000000
26;29,083513191000065;40,960853264000036;749,158792919279904;0,000000000000000
27;29,105881067000041;40,958706433000032;763,752711962559147;0,000000000000000
28;29,083338690000062;40,964316492000080;818,167205702817114;0,000000000000000
29;29,042608708000046;41,009284839000031;826,985215577293161;0,000000000000000
30;29,023114541000041;40,999364568000033;50000,000000000000000;0,000000000000000
31;29,049653501000023;40,997586734000038;866,546698241116701;0,000000000000000
32;29,076383645000078;40,980873221000024;891,012043745155211;0,000000000000000
33;29,083244378000074;40,969705664000060;899,373501063487538;0,000000000000000
34;29,067576300000042;40,969987600000024;913,541819477715762;0,000000000000000
35;29,042141837000031;40,970974367000053;927,392068701012022;0,000000000000000
36;29,036702418000061;40,996965360000047;951,347779793804534;0,000000000000000
37;29,048667600000044;40,984538925000038;969,229782426162160;0,000000000000000
38;29,034335231000057;40,991219575000059;20000,000000000000000;0,000000000000000
39;29,069313644000033;40,977873380000062;993,594863333635544;0,000000000000000
40;29,040954888000044;41,005725998000059;1032,432309783415576;0,000000000000000
41;29,083083075000047;40,961917366000080;1094,237155096399647;0,000000000000000
42;29,038219444000049;40,985347393000040;1158,072195900774659;0,000000000000000
43;29,048768661000054;41,000027250000073;1161,333601910748030;0,000000000000000
44;29,033248095000033;41,008339969000076;1164,637200863649241;0,000000000000000
45;29,063596121000046;40,984259036000026;1183,867572154005984;0,000000000000000
46;29,044806739000023;40,974357526000063;1188,410105847279738;0,000000000000000
47;29,097980193000069;40,973427268000080;1188,542275266162733;0,000000000000000
48;29,031616246000056;40,983976525000060;1277,168444438830193;0,000000000000000
49;29,034669913000073;41,001290425000036;20000,000000000000000;0,000000000000000
50;29,043690888000071;41,009582249000061;1307,783611398402854;0,000000000000000
51;29,037181654000051;41,011993178000068;1311,087124087724987;0,000000000000000
52;29,081616837000070;40,963898095000047;1412,118598926376080;0,000000000000000
53;29,048579649000033;40,980260000000044;1447,393235741536955;0,000000000000000
54;29,043241551000051;40,989927674000057;1547,537655501329937;0,000000000000000
55;29,076709491000031;40,978540583000040;1588,811256647146593;0,000000000000000
56;29,087096625000072;40,984162899000069;1625,228488880943587;0,000000000000000
57;29,099984274000064;40,967404705000035;1765,353674921544780;0,000000000000000
58;29,043616761000067;40,987588743000060;1777,083854665824447;0,000000000000000
59;29,080307156000060;40,970765116000052;1825,831261592024930;0,000000000000000
60;29,085581509000065;40,980694885000048;1874,073370396355813;0,000000000000000
61;29,084827858000040;40,987091507000059;1930,592941724910588;0,000000000000000
62;29,036009311000043;40,986531746000026;1956,604751665943468;0,000000000000000
63;29,042313803000070;40,991170174000047;1990,624040698095769;0,000000000000000
64;29,092691918000071;40,979298280000080;2059,133442318407560;0,000000000000000
65;29,058149417000038;40,989120302000060;2065,144850697859511;0,000000000000000
66;29,088456465000036;40,983627657000056;2087,811724794571091;0,000000000000000
67;29,041869375000033;41,005094893000035;2098,358387294460954;0,000000000000000
68;29,074379201000056;40,985054893000040;2135,727464822840375;0,000000000000000
69;29,028052002000038;40,996224881000046;2156,084423753108240;0,000000000000000
70;29,089730514000053;40,968080384000075;2193,700502190003590;0,000000000000000
71;29,086706086000049;40,978546079000068;2245,839530721942992;0,000000000000000
72;29,086084228000061;40,979570031000037;2291,673696889874464;0,000000000000000
73;29,059074899000052;40,975130870000044;2337,958108728612842;0,000000000000000
74;29,046857097000043;40,975982472000055;2381,941595985360436;0,000000000000000
75;29,073515339000039;40,987598526000056;2425,895588749190665;0,000000000000000
76;29,098018697000043;40,957575428000041;2466,740493000597326;0,000000000000000
77;29,050804429000038;40,969140047000053;2518,664920817947404;0,000000000000000
78;29,088135061000060;40,986057640000070;2544,644169314574810;0,000000000000000
79;29,079116860000056;40,981694630000050;2603,801405398487987;0,000000000000000
80;29,052546732000053;40,981577109000057;2685,804839439037551;0,000000000000000
81;29,025210529000049;40,982294590000038;2715,331033707371716;0,000000000000000
82;29,028670923000050;40,986367848000043;2721,123744000367424;0,000000000000000
83;29,087939912000024;40,959183884000026;2739,291834546385871;0,000000000000000
84;29,093087079000043;40,968307467000045;2766,996221826626879;0,000000000000000
85;29,038798654000061;40,990084100000047;2775,051530256420392;0,000000000000000
86;29,054173081000044;40,991110340000034;2896,131058411973299;0,000000000000000
87;29,042899637000062;40,975130089000061;2904,019734882811917;0,000000000000000
88;29,089316136000036;40,959873371000072;3061,593092773783155;0,000000000000000
89;29,087663332000034;40,985234307000042;3062,246628737734682;0,000000000000000
90;29,030738925000037;41,000482215000034;85000,000000000000000;0,000000000000000
91;29,035306171000059;41,007690438000054;3192,984517178233091;0,000000000000000
92;29,070968376000053;40,981705370000043;3332,196389239770269;0,000000000000000
93;29,034967081000048;41,006082781000032;3345,177162475610203;0,000000000000000
94;29,092343984000024;40,971561948000044;3380,370928272411675;0,000000000000000
95;29,038093779000064;41,009170545000075;3440,989443204704457;0,000000000000000
96;29,025794938000047;40,988440348000040;3448,341104103324597;0,000000000000000
97;29,036514026000077;40,991930964000062;3449,550861903677287;0,000000000000000
98;29,088495729000044;40,963925414000073;3549,919664977033790;0,000000000000000
99;29,048323428000060;40,982577159000073;3565,468390048034507;0,000000000000000
100;29,064599657000031;40,965525563000028;3620,497179914553726;0,000000000000000
101;29,097531445000072;40,970864270000050;3632,012043628703850;0,000000000000000
102;29,042872509000063;40,973303221000037;3688,547019771453051;0,000000000000000
103;29,076578201000075;40,975233787000036;3756,357065449168203;0,000000000000000
104;29,033459099000027;40,994507869000074;3791,584455844604690;0,000000000000000
105;29,095276964000050;40,963915295000049;3834,787777173175073;0,000000000000000
106;29,082643305000033;40,978406971000027;3969,818225508685828;0,000000000000000
107;29,027165413000034;40,984251623000034;4038,607790769007806;0,000000000000000
108;29,061807000000044;40,980224800000030;4072,461366990427450;0,000000000000000
109;29,034090874000071;41,004787214000032;4122,681192208290668;0,000000000000000
110;29,085949858000049;40,982799813000042;4126,497118527607199;0,000000000000000
111;29,105873398000028;40,957661250000058;4185,111635213469526;0,000000000000000
112;29,046857402000057;40,996091905000071;4216,773369751681457;0,000000000000000
113;29,022397347000037;40,987075977000075;4264,177355058503963;0,000000000000000
114;29,096680232000040;40,973748405000038;4281,764939573828997;0,000000000000000
115;29,082040755000037;40,976146972000038;4290,845599845145443;0,000000000000000
116;29,066383829000074;40,975478838000072;4313,580558728095639;0,000000000000000
117;29,046117483000046;40,982627853000054;4334,391299907425491;0,000000000000000
118;29,029518100000075;40,993059242000072;4399,391737488305807;0,000000000000000
119;29,032990558000051;40,992845892000048;4520,682978344567346;0,000000000000000
120;29,090417527000056;40,971709874000055;4541,582154457132674;0,000000000000000
121;29,098819716000037;40,966465177000032;4657,963372492109556;0,000000000000000
122;29,038509881000039;41,007405277000032;4725,392755124795258;0,000000000000000
123;29,088580027000035;40,962106725000069;4851,544954583209801;0,000000000000000
124;29,065658200000030;40,972083045000034;4996,039777629822311;0,000000000000000
125;29,045792457000061;40,984937226000056;5027,803072050438459;0,000000000000000
126;29,090463949000025;40,978404978000071;5110,294109064911027;0,000000000000000
127;29,041391446000034;40,983816769000043;5248,077379244367876;0,000000000000000
128;29,024412156000039;40,983629283000027;5265,823786136203125;0,000000000000000
129;29,070441551000044;40,979623576000051;5322,232103539689888;0,000000000000000
130;29,047548645000063;40,990704616000073;5333,319806159866857;0,000000000000000
131;29,075073789000044;40,965520598000069;5415,015452896469469;0,000000000000000
132;29,051364943000067;40,973664125000028;5596,799915647971829;0,000000000000000
133;29,097192075000066;40,975472561000061;5669,469713733114077;0,000000000000000
134;29,035847659000069;41,009591776000036;5859,662217394438812;0,000000000000000
135;29,074123416000077;40,989632169000060;5940,515597909726239;0,000000000000000
136;29,031367179000029;41,004313993000039;6937,837675869314808;0,000000000000000
137;29,062392959000078;40,976798028000076;7176,557005437955013;0,000000000000000
138;29,099053209000033;40,962923163000028;8924,761811919923275;0,000000000000000
139;29,083989726000027;40,984847459000036;9031,758848553421558;0,000000000000000
140;29,060378821000029;40,983009816000049;9085,577832291517552;0,000000000000000
141;29,096591495000041;40,955371945000024;9702,844899247107605;0,000000000000000
142;29,039954854000030;40,968498169000043;9983,248749599799339;0,000000000000000
143;29,091806957000074;40,976618133000045;10520,042903414110697;0,000000000000000
144;29,059156538000025;40,965206056000056;11634,540243829784231;0,000000000000000
145;29,043107242000076;41,007128804000047;12012,339659862751432;0,000000000000000
146;29,078869694000048;40,987830962000032;12460,911517029418974;0,000000000000000
147;29,109037553000064;40,959677885000076;13607,972070754422020;0,000000000000000
148;29,068257212000049;40,989415367000049;13692,906966795881090;0,000000000000000
149;29,029508181000040;41,003372617000025;9000,000000000000000;0,000000000000000
150;29,077306194000073;40,989810488000046;14116,839616908251628;0,000000000000000
151;29,059654944000044;40,995155629000067;11000,000000000000000;0,000000000000000
152;29,080157544000031;40,979110464000030;15256,252716659444559;0,000000000000000
153;29,036536531000024;41,001785262000055;15353,282767926852102;0,000000000000000
154;29,046899521000057;41,000311199000066;16672,792965859076503;0,000000000000000
155;29,034110000000055;40,999451129000079;17978,043461490815389;0,000000000000000
156;29,093695698000033;40,976315938000027;21630,137394149613101;0,000000000000000
157;29,053029731000038;40,998744705000036;24020,999125260477740;0,000000000000000
158;29,033700529000043;40,985462170000062;24795,553831509696465;0,000000000000000
159;29,045709099000078;41,004937939000058;25000,000000000000000;0,000000000000000
160;29,083792699000071;40,974874454000030;20000,000000000000000;0,000000000000000
161;29,072447770000053;40,977016116000073;40622,785678804430063;0,000000000000000
162;29,065596191000054;40,986115739000070;47125,062725802032219;0,000000000000000
163;29,020788911000068;40,983214889000067;45000,000000000000000;0,000000000000000
164;29,034678321000058;40,968140575000064;50000,000000000000000;0,000000000000000
165;29,029019952000056;40,982303537000064;60000,000000000000000;0,000000000000000
166;29,036308986000051;40,982464526000058;45000,000000000000000;0,000000000000000
167;29,058468775000051;40,969293500000049;80000,000000000000000;0,000000000000000
168;29,088209887000062;40,974550827000030;80000,000000000000000;0,000000000000000
169;29,062043986000049;40,996317430000033;100000,000000000000000;0,000000000000000
170;29,039477901000055;40,979464885000027;45000,000000000000000;0,000000000000000
171;29,036938850000070;40,987626900000066;106000,000000000000000;0,000000000000000
172;29,055913232000023;40,979019397000059;90000,000000000000000;0,000000000000000
173;29,054815778000034;40,986880810000059;200000,000000000000000;0,000000000000000
174;29,089982752000026;40,953187769000067;0,000000000000000;175,132659912109375
175;29,091488027000025;40,952764493000075;0,000000000000000;214,157012939453125
176;29,093601926000076;40,952925068000070;0,000000000000000;261,631031036376953
177;29,088541706000058;40,954484934000050;0,000000000000000;198,450290679931641
178;29,092910515000028;40,953776265000045;0,000000000000000;257,984767913818359
179;29,095232929000076;40,953398077000031;0,000000000000000;244,875259399414062
180;29,083370715000058;40,954737144000035;0,000000000000000;162,458629608154297
181;29,091456732000040;40,954377366000074;0,000000000000000;252,430351257324219
182;29,094369756000049;40,954502414000046;0,000000000000000;264,576488494873047
183;29,090415976000031;40,954916134000030;0,000000000000000;226,414009094238281
184;29,082748736000042;40,955627639000056;0,000000000000000;229,304138183593750
185;29,085362306000036;40,955174975000034;0,000000000000000;195,130813598632812
186;29,090415976000031;40,955416134000075;0,000000000000000;265,998783111572266
187;29,095315898000024;40,955487588000040;0,000000000000000;300,167533874511719
188;29,093196722000073;40,955707845000063;0,000000000000000;309,871452331542969
189;29,080090515000052;40,956209452000053;0,000000000000000;233,908824920654297
190;29,084567512000035;40,956340927000042;0,000000000000000;226,795753479003906
191;29,088749311000072;40,956249466000031;0,000000000000000;253,201091766357422
192;29,092750398000078;40,956687118000048;0,000000000000000;291,797332763671875
193;29,097449265000023;40,955597449000038;0,000000000000000;361,827659606933594
194;29,085287016000052;40,957218195000053;0,000000000000000;232,430175781250000
195;29,079665915000078;40,957157109000036;0,000000000000000;277,092777252197266
196;29,083075228000041;40,957019920000050;0,000000000000000;306,545993804931641
197;29,086938833000033;40,957317162000038;0,000000000000000;294,192974090576172
198;29,091249308000044;40,957082798000044;0,000000000000000;276,991912841796875
199;29,094706364000047;40,956886302000044;0,000000000000000;358,401519775390625
200;29,099440711000057;40,957725869000058;0,000000000000000;367,990814208984375
201;29,097260037000069;40,957437028000072;0,000000000000000;325,839612960815430
202;29,074030114000038;40,957853253000053;0,000000000000000;159,266977310180664
203;29,077648014000033;40,958519539000065;0,000000000000000;274,222522735595703
204;29,083370133000074;40,958036170000071;0,000000000000000;310,526245117187500
205;29,087082647000045;40,957916131000047;0,000000000000000;293,644672393798828
206;29,091249308000044;40,957916131000047;0,000000000000000;282,805149078369141
207;29,095415970000033;40,957916131000047;0,000000000000000;359,965095520019531
208;29,098660144000064;40,958675302000074;0,000000000000000;376,601730346679688
209;29,103379707000045;40,957106711000051;0,000000000000000;392,978767395019531
210;29,084629228000040;40,958496155000034;0,000000000000000;251,192300796508789
211;29,075372471000037;40,958520820000047;0,000000000000000;198,876522064208984
212;29,081194880000055;40,957623387000069;0,000000000000000;303,792339324951172
213;29,082704777000060;40,959281055000076;0,000000000000000;328,571670532226562
214;29,087915979000059;40,958749463000061;0,000000000000000;272,432231903076172
215;29,092082641000047;40,958749463000061;0,000000000000000;307,116733551025391
216;29,096249303000036;40,958749463000061;0,000000000000000;401,315429687500000
217;29,100699806000023;40,959070991000033;0,000000000000000;429,811653137207031
218;29,104675023000027;40,958958791000043;0,000000000000000;401,231391906738281
219;29,108823205000078;40,959028567000075;0,000000000000000;333,542930603027344
220;29,073233901000037;40,959519919000059;0,000000000000000;203,074558258056641
221;29,077248233000034;40,959520276000035;0,000000000000000;258,414474487304688
222;29,080938512000046;40,959182674000033;0,000000000000000;341,808010101318359
223;29,085415982000029;40,959582795000074;0,000000000000000;331,139961242675781
224;29,089582644000075;40,959582795000074;0,000000000000000;296,743377685546875
225;29,093749306000063;40,959582795000074;0,000000000000000;355,568916320800781
226;29,098341731000062;40,959689970000056;0,000000000000000;466,279777526855469
227;29,102082629000051;40,959582795000074;0,000000000000000;456,010536193847656
228;29,106249291000040;40,959582795000074;0,000000000000000;358,708908081054688
229;29,094415971000046;40,959916128000032;0,000000000000000;251,511156082153320
230;29,074227858000029;40,960505439000030;0,000000000000000;232,173007965087891
231;29,079115953000041;40,960076744000048;0,000000000000000;308,796123504638672
232;29,083235308000042;40,960380403000045;0,000000000000000;371,470222473144531
233;29,087082647000045;40,960416128000077;0,000000000000000;334,492847442626953
234;29,091249308000044;40,960416128000077;0,000000000000000;332,470405578613281
235;29,095415970000033;40,960416128000077;0,000000000000000;439,320251464843750
236;29,099286963000054;40,960806864000062;0,000000000000000;484,898941040039062
237;29,103546021000056;40,960248669000066;0,000000000000000;436,909202575683594
238;29,107897477000051;40,961379009000041;0,000000000000000;338,486396789550781
239;29,072423275000062;40,961192301000040;0,000000000000000;202,825269699096680
240;29,076639609000040;40,961365563000072;0,000000000000000;252,532104492187500
241;29,080546082000069;40,961052977000065;0,000000000000000;381,398796081542969
242;29,084467154000038;40,961445698000034;0,000000000000000;394,501602172851562
243;29,088749311000072;40,961249460000033;0,000000000000000;338,397903442382812
244;29,092915973000061;40,961249460000033;0,000000000000000;360,045646667480469
245;29,097082635000049;40,961249460000033;0,000000000000000;512,740203857421875
246;29,100584041000047;40,961054094000076;0,000000000000000;467,176704406738281
247;29,104750703000036;40,961444826000047;0,000000000000000;382,870315551757812
248;29,085322782000048;40,962011108000070;0,000000000000000;248,794452667236328
249;29,073749329000066;40,962082792000047;0,000000000000000;238,976604461669922
250;29,077915991000054;40,962082792000047;0,000000000000000;327,664752960205078
251;29,081472834000067;40,962026974000025;0,000000000000000;395,525558471679688
252;29,086249314000042;40,962082792000047;0,000000000000000;377,049278259277344
253;29,090415976000031;40,962082792000047;0,000000000000000;346,556549072265625
254;29,094582638000077;40,962082792000047;0,000000000000000;448,230224609375000
255;29,097915967000063;40,962082792000047;0,000000000000000;512,787940979003906
256;29,102821802000051;40,961622290000037;0,000000000000000;434,383300781250000
257;29,106249291000040;40,962082792000047;0,000000000000000;382,318290710449219
258;29,061483987000031;40,962750369000048;0,000000000000000;122,445583343505859
259;29,066325174000042;40,963041870000040;0,000000000000000;168,369878768920898
260;29,070568110000067;40,963076165000075;0,000000000000000;214,982151031494141
261;29,075415994000025;40,962916125000049;0,000000000000000;265,699970245361328
262;29,078661865000072;40,963000505000025;0,000000000000000;366,627223968505859
263;29,083807065000030;40,963155965000055;0,000000000000000;398,595886230468750
264;29,087915979000059;40,962916125000049;0,000000000000000;357,976699829101562
265;29,092082641000047;40,962916125000049;0,000000000000000;384,792526245117188
266;29,096249303000036;40,962916125000049;0,000000000000000;492,903831481933594
267;29,099917022000056;40,962692855000057;0,000000000000000;436,732711791992188
268;29,104970692000052;40,963292892000027;0,000000000000000;408,952354431152344
269;29,058834062000074;40,964058101000035;0,000000000000000;144,131534576416016
270;29,064257200000043;40,963629428000047;0,000000000000000;214,682197570800781
271;29,068249772000058;40,963658007000049;0,000000000000000;257,761264801025391
272;29,072915997000052;40,963749457000063;0,000000000000000;327,119644165039062
273;29,077082658000052;40,963749457000063;0,000000000000000;371,213653564453125
274;29,080931707000047;40,963793064000072;0,000000000000000;386,739227294921875
275;29,085415982000029;40,963749457000063;0,000000000000000;435,509712219238281
276;29,089582644000075;40,963749457000063;0,000000000000000;476,766242980957031
277;29,093749306000063;40,963749457000063;0,000000000000000;514,010070800781250
278;29,097915967000063;40,963749457000063;0,000000000000000;477,440940856933594
279;29,103745769000056;40,964502979000031;0,000000000000000;415,498222351074219
280;29,085915981000028;40,964082790000077;0,000000000000000;308,985214233398438
281;29,061134351000078;40,964382744000034;0,000000000000000;172,259769439697266
282;29,063749341000062;40,964582789000076;0,000000000000000;263,254756927490234
283;29,067885725000053;40,965011455000081;0,000000000000000;310,251529693603516
284;29,072082664000050;40,964582789000076;0,000000000000000;327,122245788574219
285;29,076249326000038;40,964582789000076;0,000000000000000;358,968360900878906
286;29,081569098000045;40,964783727000054;0,000000000000000;379,554435729980469
287;29,084582650000073;40,964582789000076;0,000000000000000;493,769714355468750
288;29,088749311000072;40,964582789000076;0,000000000000000;504,931953430175781
289;29,092915973000061;40,964582789000076;0,000000000000000;508,039924621582031
290;29,097045676000050;40,964331616000038;0,000000000000000;466,506393432617188
291;29,101249297000038;40,964582789000076;0,000000000000000;426,390037536621094
292;29,085082649000071;40,964916122000034;0,000000000000000;326,014213562011719
293;29,057205243000055;40,965307528000039;0,000000000000000;191,910213470458984
294;29,062916008000059;40,965416122000079;0,000000000000000;242,374706268310547
295;29,067082670000048;40,965416122000079;0,000000000000000;301,668563842773438
296;29,071249332000036;40,965416122000079;0,000000000000000;343,536735534667969
297;29,074676821000025;40,964969598000039;0,000000000000000;361,547103881835938
298;29,079981808000070;40,965617057000031;0,000000000000000;365,847831726074219
299;29,083749317000070;40,965416122000079;0,000000000000000;492,831527709960938
300;29,089726953000024;40,966392884000072;0,000000000000000;531,538269042968750
301;29,092858773000046;40,965918458000033;0,000000000000000;511,058898925781250
302;29,096249303000036;40,965737060000038;0,000000000000000;469,554740905761719
303;29,102374773000065;40,966169625000077;0,000000000000000;423,678680419921875
304;29,078799212000035;40,964850085000080;0,000000000000000;326,320976257324219
305;29,055855245000032;40,967044250000072;0,000000000000000;188,157999038696289
306;29,058749346000070;40,966249454000035;0,000000000000000;250,932605743408203
307;29,062916008000059;40,966249454000035;0,000000000000000;289,903430938720703
308;29,067082670000048;40,966249454000035;0,000000000000000;305,968532562255859
309;29,071249332000036;40,966249454000035;0,000000000000000;347,576438903808594
310;29,077485679000063;40,965398275000041;0,000000000000000;351,292388916015625
311;29,081090568000036;40,966785273000028;0,000000000000000;346,443962097167969
312;29,083054494000066;40,966003869000076;0,000000000000000;478,039604187011719
313;29,087101831000041;40,966305269000031;0,000000000000000;519,414886474609375
314;29,090898201000073;40,965481998000030;0,000000000000000;508,439498901367188
315;29,094621359000030;40,965900611000052;0,000000000000000;468,094665527343750
316;29,099582632000079;40,966249454000035;0,000000000000000;399,869148254394531
317;29,075488501000052;40,966861858000073;0,000000000000000;298,069408416748047
318;29,041715706000048;40,966725577000034;0,000000000000000;245,230606079101562
319;29,051587964000078;40,966814879000026;0,000000000000000;349,198406219482422
320;29,058749346000070;40,967082787000038;0,000000000000000;249,156772613525391
321;29,062916008000059;40,967082787000038;0,000000000000000;282,144096374511719
322;29,067082670000048;40,967082787000038;0,000000000000000;328,885974884033203
323;29,070159052000065;40,966273480000041;0,000000000000000;362,319412231445312
324;29,077099345000079;40,966604879000045;0,000000000000000;353,567855834960938
325;29,080087949000074;40,967546085000038;0,000000000000000;371,039291381835938
326;29,083749317000070;40,967082787000038;0,000000000000000;469,130699157714844
327;29,088063813000076;40,967724644000043;0,000000000000000;486,586784362792969
328;29,092082641000047;40,967082787000038;0,000000000000000;499,362533569335938
329;29,096249303000036;40,967082787000038;0,000000000000000;439,187454223632812
330;29,101875831000029;40,967836271000067;0,000000000000000;371,706474304199219
331;29,042648746000054;40,967803034000042;0,000000000000000;232,517826080322266
332;29,040416035000078;40,967916119000051;0,000000000000000;316,555416107177734
333;29,051169661000074;40,969228834000035;0,000000000000000;375,546157836914062
334;29,057082682000043;40,967916119000051;0,000000000000000;522,138183593750000
335;29,061249344000032;40,967916119000051;0,000000000000000;268,727394104003906
336;29,065416005000031;40,967916119000051;0,000000000000000;334,963977813720703
337;29,069582667000077;40,967916119000051;0,000000000000000;366,723464965820312
338;29,072936239000057;40,967274264000025;0,000000000000000;369,112503051757812
339;29,078276915000060;40,967561835000026;0,000000000000000;346,210807800292969
340;29,082082652000054;40,967916119000051;0,000000000000000;447,646324157714844
341;29,086083000000031;40,967846352000038;0,000000000000000;466,070571899414062
342;29,089972472000056;40,967678913000043;0,000000000000000;479,332618713378906
343;29,094582638000077;40,967916119000051;0,000000000000000;455,296264648437500
344;29,100024374000043;40,968460296000046;0,000000000000000;400,531295776367188
345;29,074826807000079;40,968227650000074;0,000000000000000;294,812950134277344
346;29,033440969000026;40,968749451000065;0,000000000000000;242,971755981445312
347;29,039249660000053;40,969275248000031;0,000000000000000;401,162132263183594
348;29,044749363000051;40,968749451000065;0,000000000000000;342,949356079101562
349;29,052916020000055;40,968749451000065;0,000000000000000;448,773529052734375
350;29,057082682000043;40,968749451000065;0,000000000000000;530,257522583007812
351;29,061249344000032;40,968749451000065;0,000000000000000;451,360771179199219
352;29,065416005000031;40,968749451000065;0,000000000000000;357,505859375000000
353;29,069582667000077;40,968749451000065;0,000000000000000;383,168884277343750
354;29,073749329000066;40,968749451000065;0,000000000000000;374,485977172851562
355;29,077915991000054;40,968749451000065;0,000000000000000;364,704170227050781
356;29,082082652000054;40,968749451000065;0,000000000000000;442,268478393554688
357;29,085436224000034;40,969000607000055;0,000000000000000;461,734916687011719
358;29,088862302000052;40,968916888000081;0,000000000000000;457,146255493164062
359;29,092622067000036;40,968414575000054;0,000000000000000;464,216766357421875
360;29,097915967000063;40,968749451000065;0,000000000000000;436,192543029785156
361;29,072148107000032;40,969540617000064;0,000000000000000;308,571617126464844
362;29,037173339000049;40,969517379000081;0,000000000000000;271,498497009277344
363;29,041195656000070;40,969405615000028;0,000000000000000;445,031494140625000
364;29,042620544000044;40,969073778000052;0,000000000000000;310,611579895019531
365;29,049582691000069;40,969582784000067;0,000000000000000;323,980133056640625
366;29,053749352000068;40,969582784000067;0,000000000000000;535,740173339843750
367;29,057916014000057;40,969582784000067;0,000000000000000;552,783874511718750
368;29,062082676000045;40,969582784000067;0,000000000000000;682,205390930175781
369;29,066249338000034;40,969582784000067;0,000000000000000;449,802864074707031
370;29,070415999000033;40,969582784000067;0,000000000000000;398,701927185058594
371;29,074582661000079;40,969582784000067;0,000000000000000;399,886596679687500
372;29,079543357000034;40,969446524000034;0,000000000000000;389,026062011718750
373;29,082915985000056;40,969582784000067;0,000000000000000;446,007438659667969
374;29,087082647000045;40,969582784000067;0,000000000000000;451,552101135253906
375;29,091249308000044;40,969582784000067;0,000000000000000;445,018341064453125
376;29,095951871000068;40,969540925000047;0,000000000000000;445,876480102539062
377;29,100432681000029;40,970447862000071;0,000000000000000;392,294624328613281
378;29,047968791000073;40,970204801000079;0,000000000000000;325,576622009277344
379;29,040325205000045;40,970576137000080;0,000000000000000;509,094223022460938
380;29,043896743000062;40,970514344000037;0,000000000000000;393,515014648437500
381;29,048441862000061;40,971737711000060;0,000000000000000;351,428031921386719
382;29,052916020000055;40,970416116000081;0,000000000000000;528,719764709472656
383;29,057082682000043;40,970416116000081;0,000000000000000;562,223213195800781
384;29,061249344000032;40,970416116000081;0,000000000000000;697,023612976074219
385;29,065416005000031;40,970416116000081;0,000000000000000;783,017791748046875
386;29,069582667000077;40,970416116000081;0,000000000000000;410,214218139648438
387;29,073749329000066;40,970416116000081;0,000000000000000;469,874954223632812
388;29,077915991000054;40,970416116000081;0,000000000000000;409,296539306640625
389;29,082082652000054;40,970416116000081;0,000000000000000;439,664398193359375
390;29,086249314000042;40,970416116000081;0,000000000000000;432,440269470214844
391;29,090415976000031;40,970416116000081;0,000000000000000;425,970046997070312
392;29,094508721000068;40,970723077000059;0,000000000000000;442,744827270507812
393;29,098582986000054;40,970206824000059;0,000000000000000;396,286636352539062
394;29,049933309000039;40,971109571000056;0,000000000000000;443,421062469482422
395;29,042916032000051;40,971249448000037;0,000000000000000;536,857360839843750
396;29,046609623000052;40,970606509000049;0,000000000000000;530,186607360839844
397;29,051864347000048;40,970945839000080;0,000000000000000;533,795684814453125
398;29,055416017000027;40,971249448000037;0,000000000000000;551,312011718750000
399;29,059582679000073;40,971249448000037;0,000000000000000;631,091911315917969
400;29,063749341000062;40,971249448000037;0,000000000000000;779,217666625976562
401;29,067916002000061;40,971249448000037;0,000000000000000;785,972244262695312
402;29,071967168000072;40,971772669000075;0,000000000000000;503,762634277343750
403;29,076162704000069;40,970115789000033;0,000000000000000;467,899665832519531
404;29,080415988000027;40,971249448000037;0,000000000000000;418,597717285156250
405;29,084582650000073;40,971249448000037;0,000000000000000;418,631141662597656
406;29,088749311000072;40,971249448000037;0,000000000000000;409,410087585449219
407;29,092934453000055;40,970049512000060;0,000000000000000;444,862930297851562
408;29,097858767000048;40,971486642000059;0,000000000000000;422,778144836425781
409;29,077735052000037;40,972062398000048;0,000000000000000;451,955261230468750
410;29,042082699000048;40,972082781000040;0,000000000000000;560,135383605957031
411;29,046249361000037;40,972082781000040;0,000000000000000;664,059471130371094
412;29,050924574000078;40,972270301000037;0,000000000000000;702,540954589843750
413;29,054582685000071;40,972082781000040;0,000000000000000;711,166412353515625
414;29,058749346000070;40,972082781000040;0,000000000000000;805,942520141601562
415;29,061245477000057;40,972038133000069;0,000000000000000;835,190353393554688
416;29,067313662000061;40,972065340000029;0,000000000000000;947,941909790039062
417;29,069355201000064;40,971943257000078;0,000000000000000;830,579147338867188
418;29,075300498000047;40,971079942000074;0,000000000000000;499,024978637695312
419;29,079582655000024;40,972082781000040;0,000000000000000;416,567466735839844
420;29,083749317000070;40,972082781000040;0,000000000000000;401,859031677246094
421;29,087915979000059;40,972082781000040;0,000000000000000;408,525123596191406
422;29,092951170000049;40,971454918000063;0,000000000000000;427,872200012207031
423;29,096267782000041;40,971357251000029;0,000000000000000;452,772514343261719
424;29,076150997000070;40,973113728000044;0,000000000000000;404,691108703613281
425;29,041249367000034;40,972916113000053;0,000000000000000;560,657951354980469
426;29,045061226000030;40,972889325000040;0,000000000000000;639,488838195800781
427;29,049582691000069;40,972916113000053;0,000000000000000;715,176879882812500
428;29,053749352000068;40,972916113000053;0,000000000000000;736,365737915039062
429;29,057916014000057;40,972916113000053;0,000000000000000;806,051147460937500
430;29,063235786000064;40,972659391000036;0,000000000000000;944,482238769531250
431;29,065209876000040;40,973142837000069;0,000000000000000;979,483886718750000
432;29,071640255000034;40,973230038000054;0,000000000000000;1078,372100830078125
433;29,073860812000078;40,972044091000043;0,000000000000000;619,376419067382812
434;29,078749323000068;40,972916113000053;0,000000000000000;428,510284423828125
435;29,082915985000056;40,972916113000053;0,000000000000000;411,312606811523438
436;29,089059935000023;40,973320727000043;0,000000000000000;391,550430297851562
437;29,093485307000037;40,973027731000059;0,000000000000000;407,801231384277344
438;29,095415970000033;40,972916113000053;0,000000000000000;455,774169921875000
439;29,087451881000050;40,971506159000057;0,000000000000000;396,625205993652344
440;29,040416035000078;40,973749445000067;0,000000000000000;569,416809082031250
441;29,043553767000049;40,973151177000034;0,000000000000000;671,915641784667969
442;29,048749358000066;40,973749445000067;0,000000000000000;778,847366333007812
443;29,051910745000043;40,973642293000069;0,000000000000000;761,513198852539062
444;29,057082682000043;40,973749445000067;0,000000000000000;836,943786621093750
445;29,061249344000032;40,973749445000067;0,000000000000000;1018,516510009765625
446;29,067009847000065;40,973470403000078;0,000000000000000;1005,326171875000000
447;29,068820395000046;40,974255206000066;0,000000000000000;1129,329513549804688
448;29,073749329000066;40,973749445000067;0,000000000000000;1081,740188598632812
449;29,077915991000054;40,973749445000067;0,000000000000000;434,044281005859375
450;29,082082652000054;40,973749445000067;0,000000000000000;419,358703613281250
451;29,085621017000051;40,972493746000055;0,000000000000000;370,626144409179688
452;29,091432339000050;40,973623876000033;0,000000000000000;404,463836669921875
453;29,096005546000072;40,974879554000040;0,000000000000000;434,648040771484375
454;29,083810043000028;40,973427789000027;0,000000000000000;416,346450805664062
455;29,040416035000078;40,974582778000070;0,000000000000000;569,707862854003906
456;29,044298854000033;40,974743504000060;0,000000000000000;705,628532409667969
457;29,048749358000066;40,974582778000070;0,000000000000000;786,824020385742188
458;29,052916020000055;40,974582778000070;0,000000000000000;797,725296020507812
459;29,056455863000053;40,974966733000031;0,000000000000000;856,466888427734375
460;29,061958950000076;40,974884138000050;0,000000000000000;1080,694091796875000
461;29,065416005000031;40,974582778000070;0,000000000000000;1042,781936645507812
462;29,069242756000051;40,975236770000038;0,000000000000000;1120,884536743164062
463;29,072915997000052;40,974582778000070;0,000000000000000;1077,549423217773438
464;29,077082658000052;40,974582778000070;0,000000000000000;746,251045227050781
465;29,081249320000040;40,974582778000070;0,000000000000000;413,121032714843750
466;29,085415982000029;40,974582778000070;0,000000000000000;311,191520690917969
467;29,090395734000026;40,975503597000056;0,000000000000000;347,081146240234375
468;29,094839586000035;40,975098996000042;0,000000000000000;435,893539428710938
469;29,098710578000066;40,975182707000045;0,000000000000000;433,489654541015625
470;29,042082699000048;40,975416110000026;0,000000000000000;627,886329650878906
471;29,046249361000037;40,975416110000026;0,000000000000000;809,848663330078125
472;29,050416023000025;40,975416110000026;0,000000000000000;803,793228149414062
473;29,054582685000071;40,975416110000026;0,000000000000000;840,746246337890625
474;29,058749346000070;40,975416110000026;0,000000000000000;952,037536621093750
475;29,063566480000077;40,974991976000069;0,000000000000000;1098,593185424804688
476;29,067082670000048;40,975416110000026;0,000000000000000;1062,624969482421875
477;29,071249332000036;40,975416110000026;0,000000000000000;1064,288848876953125
478;29,075415994000025;40,975416110000026;0,000000000000000;1009,105773925781250
479;29,079582655000024;40,975416110000026;0,000000000000000;704,517456054687500
480;29,083749317000070;40,975416110000026;0,000000000000000;360,174030303955078
481;29,087915979000059;40,975416110000026;0,000000000000000;279,416381835937500
482;29,093413153000029;40,974216251000030;0,000000000000000;402,658668518066406
483;29,097505897000076;40,976992636000034;0,000000000000000;437,856056213378906
484;29,051363438000067;40,975823834000039;0,000000000000000;563,376396179199219
485;29,044582696000077;40,976249442000039;0,000000000000000;734,404571533203125
486;29,048749358000066;40,976249442000039;0,000000000000000;840,792419433593750
487;29,053554666000025;40,976294087000042;0,000000000000000;844,726882934570312
488;29,057082682000043;40,976249442000039;0,000000000000000;906,264785766601562
489;29,061264127000072;40,976439183000025;0,000000000000000;1025,220657348632812
490;29,065416005000031;40,976249442000039;0,000000000000000;1064,910629272460938
491;29,069582667000077;40,976249442000039;0,000000000000000;1051,833175659179688
492;29,073749329000066;40,976249442000039;0,000000000000000;1012,424560546875000
493;29,077915991000054;40,976249442000039;0,000000000000000;918,389495849609375
494;29,082082652000054;40,976249442000039;0,000000000000000;580,517410278320312
495;29,086249314000042;40,976249442000039;0,000000000000000;299,834636688232422
496;29,090415976000031;40,976249442000039;0,000000000000000;362,156299591064453
497;29,095894670000064;40,976305248000074;0,000000000000000;407,374282836914062
498;29,063249341000073;40,976749442000028;0,000000000000000;517,021011352539062
499;29,043749364000064;40,977082775000042;0,000000000000000;685,671691894531250
500;29,047916026000053;40,977082775000042;0,000000000000000;851,561614990234375
501;29,051822499000025;40,977538146000029;0,000000000000000;886,098297119140625
502;29,057006262000073;40,977180993000047;0,000000000000000;900,064819335937500
503;29,060416011000029;40,977082775000042;0,000000000000000;969,755661010742188
504;29,064582673000075;40,977082775000042;0,000000000000000;1056,457748413085938
505;29,068749335000064;40,977082775000042;0,000000000000000;1009,863525390625000
506;29,072915997000052;40,977082775000042;0,000000000000000;963,706893920898438
507;29,077082658000052;40,977082775000042;0,000000000000000;923,813003540039062
508;29,081249320000040;40,977082775000042;0,000000000000000;865,424224853515625
509;29,085415982000029;40,977082775000042;0,000000000000000;327,014148712158203
510;29,089582644000075;40,977082775000042;0,000000000000000;327,199832916259766
511;29,093749306000063;40,977082775000042;0,000000000000000;380,220359802246094
512;29,073915995000050;40,977416108000057;0,000000000000000;475,658897399902344
513;29,042082699000048;40,977916107000055;0,000000000000000;639,612922668457031
514;29,046249361000037;40,977916107000055;0,000000000000000;855,655593872070312
515;29,049292480000076;40,977603599000076;0,000000000000000;924,099212646484375
516;29,055062123000027;40,978005395000025;0,000000000000000;951,070297241210938
517;29,057916014000057;40,977916107000055;0,000000000000000;879,645233154296875
518;29,062082676000045;40,977916107000055;0,000000000000000;957,927917480468750
519;29,066249338000034;40,977916107000055;0,000000000000000;1032,370712280273438
520;29,071657579000032;40,978155893000064;0,000000000000000;968,125625610351562
521;29,074582661000079;40,977916107000055;0,000000000000000;874,430252075195312
522;29,078638447000060;40,977776595000080;0,000000000000000;883,693496704101562
523;29,082915985000056;40,977916107000055;0,000000000000000;836,766998291015625
524;29,087082647000045;40,977916107000055;0,000000000000000;473,936347961425781
525;29,091249308000044;40,977916107000055;0,000000000000000;365,591682434082031
526;29,095415970000033;40,977916107000055;0,000000000000000;418,592529296875000
527;29,023114596000028;40,979712053000071;0,000000000000000;409,774787902832031
528;29,042082699000048;40,978749440000058;0,000000000000000;639,122375488281250
529;29,046249361000037;40,978749440000058;0,000000000000000;865,015182495117188
530;29,051373991000048;40,979169085000080;0,000000000000000;1037,891540527343750
531;29,055907283000067;40,979186943000059;0,000000000000000;1007,295928955078125
532;29,060783550000053;40,978999442000031;0,000000000000000;891,282348632812500
533;29,062916008000059;40,978749440000058;0,000000000000000;978,293655395507812
534;29,067082670000048;40,978749440000058;0,000000000000000;1041,578109741210938
535;29,071711315000073;40,979011021000076;0,000000000000000;944,058685302734375
536;29,075046407000059;40,978874999000027;0,000000000000000;857,306579589843750
537;29,079582655000024;40,978749440000058;0,000000000000000;874,174728393554688
538;29,083749317000070;40,978749440000058;0,000000000000000;821,325805664062500
539;29,087915979000059;40,978749440000058;0,000000000000000;717,414207458496094
540;29,092082641000047;40,978749440000058;0,000000000000000;376,358352661132812
541;29,065916005000076;40,979082773000073;0,000000000000000;372,848800659179688
542;29,029952301000037;40,980503522000049;0,000000000000000;412,056213378906250
543;29,041249367000034;40,979582772000072;0,000000000000000;607,428451538085938
544;29,045416029000023;40,979582772000072;0,000000000000000;821,406570434570312
545;29,048742990000051;40,979564915000026;0,000000000000000;1048,859146118164062
546;29,053335415000049;40,979832771000076;0,000000000000000;1082,018936157226562
547;29,058258990000070;40,980082768000045;0,000000000000000;986,214660644531250
548;29,062035369000057;40,979788128000052;0,000000000000000;911,217300415039062
549;29,066249338000034;40,979582772000072;0,000000000000000;1034,128433227539062
550;29,070473747000051;40,979342991000067;0,000000000000000;901,207855224609375
551;29,073719780000033;40,979279915000063;0,000000000000000;861,143386840820312
552;29,077713070000073;40,979708329000061;0,000000000000000;836,096679687500000
553;29,082082652000054;40,979582772000072;0,000000000000000;841,175964355468750
554;29,086249314000042;40,979582772000072;0,000000000000000;828,095901489257812
555;29,090415976000031;40,979582772000072;0,000000000000000;791,276870727539062
556;29,094582638000077;40,979582772000072;0,000000000000000;819,118164062500000
557;29,022249037000051;40,980750919000059;0,000000000000000;421,756317138671875
558;29,027432062000059;40,981043881000062;0,000000000000000;357,105186462402344
559;29,031935581000027;40,981267089000028;0,000000000000000;342,637020111083984
560;29,039582702000075;40,980416104000028;0,000000000000000;669,068984985351562
561;29,043749364000064;40,980416104000028;0,000000000000000;844,908447265625000
562;29,047916026000053;40,980416104000028;0,000000000000000;962,428207397460938
563;29,052082688000041;40,980416104000028;0,000000000000000;1141,605789184570312
564;29,056190215000072;40,980764312000076;0,000000000000000;1079,499435424804688
565;29,059907460000034;40,980701813000053;0,000000000000000;926,522140502929688
566;29,064582673000075;40,980416104000028;0,000000000000000;968,747863769531250
567;29,068204357000070;40,980044680000049;0,000000000000000;902,154495239257812
568;29,071969855000077;40,980473246000031;0,000000000000000;830,338424682617188
569;29,076415993000069;40,980416104000028;0,000000000000000;827,716293334960938
570;29,080415988000027;40,980416104000028;0,000000000000000;793,101608276367188
571;29,084582650000073;40,980416104000028;0,000000000000000;839,686828613281250
572;29,088749311000072;40,980416104000028;0,000000000000000;801,031326293945312
573;29,092915973000061;40,980416104000028;0,000000000000000;804,851058959960938
574;29,038023741000075;40,980189930000051;0,000000000000000;643,031005859375000
575;29,025416052000026;40,981249437000031;0,000000000000000;482,983970642089844
576;29,029102251000040;40,981514496000045;0,000000000000000;421,828147888183594
577;29,035158035000052;40,982128312000043;0,000000000000000;475,234321594238281
578;29,039582702000075;40,981249437000031;0,000000000000000;703,486358642578125
579;29,043749364000064;40,981249437000031;0,000000000000000;807,418945312500000
580;29,047916026000053;40,981249437000031;0,000000000000000;925,364395141601562
581;29,052082688000041;40,981249437000031;0,000000000000000;1125,604461669921875
582;29,055551570000034;40,981936914000073;0,000000000000000;1134,259170532226562
583;29,060416011000029;40,981249437000031;0,000000000000000;937,471710205078125
584;29,064298831000031;40,981445860000065;0,000000000000000;913,935302734375000
585;29,068446570000049;40,981472287000031;0,000000000000000;879,724609375000000
586;29,073226331000058;40,981192296000074;0,000000000000000;809,965682983398438
587;29,077082658000052;40,981249437000031;0,000000000000000;767,734527587890625
588;29,081249320000040;40,981249437000031;0,000000000000000;773,312927246093750
589;29,085415982000029;40,981249437000031;0,000000000000000;832,626708984375000
590;29,089582644000075;40,981249437000031;0,000000000000000;875,723052978515625
591;29,078749323000068;40,981416103000072;0,000000000000000;785,170974731445312
592;29,022916055000053;40,982082769000044;0,000000000000000;677,041137695312500
593;29,027082717000042;40,982082769000044;0,000000000000000;662,987258911132812
594;29,031249379000030;40,982082769000044;0,000000000000000;545,737770080566406
595;29,036249373000032;40,982082769000044;0,000000000000000;508,511245727539062
596;29,040416035000078;40,982082769000044;0,000000000000000;724,748794555664062
597;29,044582696000077;40,982082769000044;0,000000000000000;787,539154052734375
598;29,048749358000066;40,982082769000044;0,000000000000000;907,935562133789062
599;29,052916020000055;40,982082769000044;0,000000000000000;1092,657501220703125
600;29,057839595000075;40,982100625000044;0,000000000000000;1055,343948364257812
601;29,061249344000032;40,982082769000044;0,000000000000000;919,234985351562500
602;29,065569753000034;40,982189907000077;0,000000000000000;859,421218872070312
603;29,069582667000077;40,982082769000044;0,000000000000000;828,084167480468750
604;29,073749329000066;40,982082769000044;0,000000000000000;722,443267822265625
605;29,077915991000054;40,982082769000044;0,000000000000000;712,992004394531250
606;29,082082652000054;40,982082769000044;0,000000000000000;769,193893432617188
607;29,086249314000042;40,982082769000044;0,000000000000000;860,156631469726562
608;29,090415976000031;40,982082769000044;0,000000000000000;848,031570434570312
609;29,050461147000078;40,982770259000063;0,000000000000000;715,747489929199219
610;29,024582720000069;40,982916101000058;0,000000000000000;671,076705932617188
611;29,028915696000070;40,983376454000052;0,000000000000000;671,252563476562500
612;29,032953002000056;40,983250904000045;0,000000000000000;496,995422363281250
613;29,037082705000046;40,982916101000058;0,000000000000000;569,987144470214844
614;29,041249367000034;40,982916101000058;0,000000000000000;762,561355590820312
615;29,045416029000023;40,982916101000058;0,000000000000000;782,968521118164062
616;29,049594518000049;40,983166087000029;0,000000000000000;978,762329101562500
617;29,053749352000068;40,982916101000058;0,000000000000000;1052,773437500000000
618;29,057916014000057;40,982916101000058;0,000000000000000;1020,702041625976562
619;29,062082676000045;40,982916101000058;0,000000000000000;891,158035278320312
620;29,066249338000034;40,982916101000058;0,000000000000000;829,425903320312500
621;29,070415999000033;40,982916101000058;0,000000000000000;767,847015380859375
622;29,074582661000079;40,982916101000058;0,000000000000000;705,530838012695312
623;29,078860199000076;40,982804500000043;0,000000000000000;715,006484985351562
624;29,082915985000056;40,982916101000058;0,000000000000000;748,010162353515625
625;29,087082647000045;40,982916101000058;0,000000000000000;864,991012573242188
626;29,091249308000044;40,982916101000058;0,000000000000000;831,539138793945312
627;29,022082723000040;40,983749434000060;0,000000000000000;673,936759948730469
628;29,026249385000028;40,983749434000060;0,000000000000000;675,744796752929688
629;29,030416046000028;40,983749434000060;0,000000000000000;719,087020874023438
630;29,034582708000073;40,983749434000060;0,000000000000000;456,983291625976562
631;29,038749370000062;40,983749434000060;0,000000000000000;694,718658447265625
632;29,042916032000051;40,983749434000060;0,000000000000000;764,909988403320312
633;29,047082693000050;40,983749434000060;0,000000000000000;926,260726928710938
634;29,051249355000039;40,983749434000060;0,000000000000000;1050,407989501953125
635;29,055416017000027;40,983749434000060;0,000000000000000;1016,870162963867188
636;29,059582679000073;40,983749434000060;0,000000000000000;978,835052490234375
637;29,063796648000050;40,983811930000059;0,000000000000000;840,706619262695312
638;29,068034270000055;40,984186903000079;0,000000000000000;733,719909667968750
639;29,072082664000050;40,983749434000060;0,000000000000000;728,937240600585938
640;29,076249326000038;40,983749434000060;0,000000000000000;690,666412353515625
641;29,080693178000047;40,983582034000051;0,000000000000000;541,787078857421875
642;29,084582650000073;40,983749434000060;0,000000000000000;716,616683959960938
643;29,088749311000072;40,983749434000060;0,000000000000000;871,675781250000000
644;29,048730071000080;40,984294073000058;0,000000000000000;725,194961547851562
645;29,024582720000069;40,984582766000074;0,000000000000000;726,353424072265625
646;29,028749382000058;40,984582766000074;0,000000000000000;717,981933593750000
647;29,032916043000057;40,984582766000074;0,000000000000000;670,347671508789062
648;29,037082705000046;40,984582766000074;0,000000000000000;672,537208557128906
649;29,041249367000034;40,984582766000074;0,000000000000000;752,883148193359375
650;29,045416029000023;40,984582766000074;0,000000000000000;865,512649536132812
651;29,049677305000046;40,984734540000034;0,000000000000000;1053,951477050781250
652;29,053749352000068;40,984582766000074;0,000000000000000;1043,378555297851562
653;29,057749347000026;40,984582766000074;0,000000000000000;1009,988006591796875
654;29,061249344000032;40,984582766000074;0,000000000000000;880,735885620117188
655;29,065416005000031;40,984582766000074;0,000000000000000;752,715530395507812
656;29,069582667000077;40,984582766000074;0,000000000000000;731,948730468750000
657;29,073749329000066;40,984582766000074;0,000000000000000;725,524368286132812
658;29,077915991000054;40,984582766000074;0,000000000000000;599,124725341796875
659;29,082082652000054;40,984582766000074;0,000000000000000;578,947311401367188
660;29,086249314000042;40,984582766000074;0,000000000000000;798,556564331054688
661;29,076082659000065;40,984749432000058;0,000000000000000;811,061866760253906
662;29,022916055000053;40,985416098000030;0,000000000000000;715,411407470703125
663;29,027082717000042;40,985416098000030;0,000000000000000;772,728012084960938
664;29,031249379000030;40,985416098000030;0,000000000000000;704,660308837890625
665;29,035416040000030;40,985416098000030;0,000000000000000;665,141510009765625
666;29,039582702000075;40,985416098000030;0,000000000000000;719,217620849609375
667;29,043749364000064;40,985416098000030;0,000000000000000;813,963897705078125
668;29,047916026000053;40,985416098000030;0,000000000000000;1072,439559936523438
669;29,052082688000041;40,985416098000030;0,000000000000000;1121,798904418945312
670;29,056249349000041;40,985416098000030;0,000000000000000;1003,837860107421875
671;29,060416011000029;40,985416098000030;0,000000000000000;882,528778076171875
672;29,064582673000075;40,985416098000030;0,000000000000000;762,015914916992188
673;29,068914910000046;40,985666075000040;0,000000000000000;707,512542724609375
674;29,072915997000052;40,985416098000030;0,000000000000000;726,550567626953125
675;29,077082658000052;40,985416098000030;0,000000000000000;622,330101013183594
676;29,081249320000040;40,985416098000030;0,000000000000000;558,409637451171875
677;29,085415982000029;40,985416098000030;0,000000000000000;787,633300781250000
678;29,061249344000032;40,985749431000045;0,000000000000000;715,492340087890625
679;29,022916055000053;40,986249431000033;0,000000000000000;708,325897216796875
680;29,027082717000042;40,986249431000033;0,000000000000000;815,263336181640625
681;29,031249379000030;40,986249431000033;0,000000000000000;718,870773315429688
682;29,035416040000030;40,986249431000033;0,000000000000000;674,551971435546875
683;29,039582702000075;40,986249431000033;0,000000000000000;748,690567016601562
684;29,043749364000064;40,986249431000033;0,000000000000000;834,965927124023438
685;29,047916026000053;40,986249431000033;0,000000000000000;1110,080703735351562
686;29,052082688000041;40,986249431000033;0,000000000000000;1057,085052490234375
687;29,056249349000041;40,986249431000033;0,000000000000000;953,606658935546875
688;29,060416011000029;40,986249431000033;0,000000000000000;834,451553344726562
689;29,064582673000075;40,986249431000033;0,000000000000000;702,991806030273438
690;29,068016075000060;40,986713667000060;0,000000000000000;652,419464111328125
691;29,072915997000052;40,986249431000033;0,000000000000000;656,303451538085938
692;29,077082658000052;40,986249431000033;0,000000000000000;632,004417419433594
693;29,081249320000040;40,986249431000033;0,000000000000000;748,338806152343750
694;29,085415982000029;40,986249431000033;0,000000000000000;824,287216186523438
695;29,046896740000079;40,986669082000049;0,000000000000000;700,272682189941406
696;29,023749387000066;40,987082763000046;0,000000000000000;718,474731445312500
697;29,028525867000042;40,987654680000048;0,000000000000000;828,632019042968750
698;29,032082711000044;40,987082763000046;0,000000000000000;753,750076293945312
699;29,036249373000032;40,987082763000046;0,000000000000000;738,248764038085938
700;29,040416035000078;40,987082763000046;0,000000000000000;785,389160156250000
701;29,044582696000077;40,987082763000046;0,000000000000000;933,651504516601562
702;29,048749358000066;40,987082763000046;0,000000000000000;1115,592880249023438
703;29,052916020000055;40,987082763000046;0,000000000000000;1025,967056274414062
704;29,057082682000043;40,987082763000046;0,000000000000000;938,876922607421875
705;29,061249344000032;40,987082763000046;0,000000000000000;740,531555175781250
706;29,065416005000031;40,987082763000046;0,000000000000000;662,635940551757812
707;29,069180557000038;40,986948850000033;0,000000000000000;617,820190429687500
708;29,073749329000066;40,987082763000046;0,000000000000000;627,985282897949219
709;29,077915991000054;40,987082763000046;0,000000000000000;628,942947387695312
710;29,082082652000054;40,987082763000046;0,000000000000000;705,210479736328125
711;29,072321383000030;40,987544036000031;0,000000000000000;711,820247650146484
712;29,021249390000037;40,987916095000060;0,000000000000000;611,940475463867188
713;29,025416052000026;40,987916095000060;0,000000000000000;783,449310302734375
714;29,029582714000071;40,987916095000060;0,000000000000000;812,584640502929688
715;29,033749376000060;40,987916095000060;0,000000000000000;744,531829833984375
716;29,037916038000049;40,987916095000060;0,000000000000000;736,287979125976562
717;29,042082699000048;40,987916095000060;0,000000000000000;809,602416992187500
718;29,046249361000037;40,987916095000060;0,000000000000000;1020,037567138671875
719;29,050416023000025;40,987916095000060;0,000000000000000;1097,065322875976562
720;29,054582685000071;40,987916095000060;0,000000000000000;994,155914306640625
721;29,058749346000070;40,987916095000060;0,000000000000000;870,522735595703125
722;29,062916008000059;40,987916095000060;0,000000000000000;686,953308105468750
723;29,067082670000048;40,987916095000060;0,000000000000000;590,635360717773438
724;29,070575206000058;40,987532215000044;0,000000000000000;609,135322570800781
725;29,075415994000025;40,987916095000060;0,000000000000000;591,700988769531250
726;29,079582655000024;40,987916095000060;0,000000000000000;634,859336853027344
727;29,083749317000070;40,987916095000060;0,000000000000000;766,200592041015625
728;29,019582726000067;40,988749428000062;0,000000000000000;546,862670898437500
729;29,023749387000066;40,988749428000062;0,000000000000000;737,488357543945312
730;29,027916049000055;40,988749428000062;0,000000000000000;824,887512207031250
731;29,032082711000044;40,988749428000062;0,000000000000000;762,651947021484375
732;29,036249373000032;40,988749428000062;0,000000000000000;744,100296020507812
733;29,040416035000078;40,988749428000062;0,000000000000000;798,866561889648438
734;29,044582696000077;40,988749428000062;0,000000000000000;939,663558959960938
735;29,048749358000066;40,988749428000062;0,000000000000000;1087,728363037109375
736;29,052916020000055;40,988749428000062;0,000000000000000;1072,814788818359375
737;29,057082682000043;40,988749428000062;0,000000000000000;956,729995727539062
738;29,061249344000032;40,988749428000062;0,000000000000000;745,898544311523438
739;29,064898584000048;40,988665735000041;0,000000000000000;631,939834594726562
740;29,070800824000059;40,988222715000063;0,000000000000000;560,576835632324219
741;29,073749329000066;40,988749428000062;0,000000000000000;574,517387390136719
742;29,077915991000054;40,988749428000062;0,000000000000000;610,919776916503906
743;29,068927828000028;40,988612566000029;0,000000000000000;650,245620727539062
744;29,020416058000023;40,989582760000076;0,000000000000000;653,339134216308594
745;29,025155579000057;40,989722247000032;0,000000000000000;725,878631591796875
746;29,028749382000058;40,989582760000076;0,000000000000000;817,378173828125000
747;29,032916043000057;40,989582760000076;0,000000000000000;757,315185546875000
748;29,037082705000046;40,989582760000076;0,000000000000000;755,634185791015625
749;29,041249367000034;40,989582760000076;0,000000000000000;833,334503173828125
750;29,045416029000023;40,989582760000076;0,000000000000000;959,254959106445312
751;29,049582691000069;40,989582760000076;0,000000000000000;1100,052856445312500
752;29,053749352000068;40,989582760000076;0,000000000000000;1058,881179809570312
753;29,057916014000057;40,989582760000076;0,000000000000000;879,133987426757812
754;29,062230511000053;40,989903580000032;0,000000000000000;738,040039062500000
755;29,066674363000061;40,989499068000043;0,000000000000000;603,466499328613281
756;29,069138708000025;40,990198733000057;0,000000000000000;364,711486816406250
757;29,074582661000079;40,989582760000076;0,000000000000000;556,416213989257812
758;29,078749323000068;40,989582760000076;0,000000000000000;646,455505371093750
759;29,018749393000064;40,990416093000078;0,000000000000000;583,523544311523438
760;29,022916055000053;40,990416093000078;0,000000000000000;706,390426635742188
761;29,027082717000042;40,990416093000078;0,000000000000000;767,939849853515625
762;29,031249379000030;40,990416093000078;0,000000000000000;776,693984985351562
763;29,034492074000070;40,990820600000063;0,000000000000000;738,298233032226562
764;29,039582702000075;40,990416093000078;0,000000000000000;799,044403076171875
765;29,043749364000064;40,990416093000078;0,000000000000000;924,733047485351562
766;29,047916026000053;40,990416093000078;0,000000000000000;1037,935928344726562
767;29,052082688000041;40,990416093000078;0,000000000000000;1101,440277099609375
768;29,056249349000041;40,990416093000078;0,000000000000000;973,493621826171875
769;29,060416011000029;40,990416093000078;0,000000000000000;780,218231201171875
770;29,066301251000027;40,990318453000043;0,000000000000000;676,676361083984375
771;29,068418185000041;40,990255405000028;0,000000000000000;429,049350738525391
772;29,072915997000052;40,990416093000078;0,000000000000000;498,135124206542969
773;29,077082658000052;40,990416093000078;0,000000000000000;604,733200073242188
774;29,020264312000052;40,990847711000072;0,000000000000000;506,174358367919922
775;29,024434885000062;40,991458650000027;0,000000000000000;738,552276611328125
776;29,028749382000058;40,991249425000035;0,000000000000000;824,164489746093750
777;29,032916043000057;40,991249425000035;0,000000000000000;670,940444946289062
778;29,036249373000032;40,991249425000035;0,000000000000000;585,541633605957031
779;29,040416035000078;40,991249425000035;0,000000000000000;858,126312255859375
780;29,044582696000077;40,991249425000035;0,000000000000000;962,771881103515625
781;29,048749358000066;40,991249425000035;0,000000000000000;1083,093826293945312
782;29,054004083000052;40,991454745000055;0,000000000000000;1074,739288330078125
783;29,057082682000043;40,991249425000035;0,000000000000000;948,480880737304688
784;29,061249344000032;40,991249425000035;0,000000000000000;769,625869750976562
785;29,066949790000024;40,992267649000041;0,000000000000000;617,635398864746094
786;29,069913817000042;40,991213717000051;0,000000000000000;375,389236450195312
787;29,073749329000066;40,991249425000035;0,000000000000000;544,909576416015625
788;29,034582708000073;40,991916091000064;0,000000000000000;658,620384216308594
789;29,026825769000027;40,992305928000064;0,000000000000000;748,642791748046875
790;29,031249379000030;40,992082757000048;0,000000000000000;777,850067138671875
791;29,035416040000030;40,992082757000048;0,000000000000000;580,401252746582031
792;29,039582702000075;40,992082757000048;0,000000000000000;833,910217285156250
793;29,043749364000064;40,992082757000048;0,000000000000000;950,497161865234375
794;29,047916026000053;40,992082757000048;0,000000000000000;1062,940353393554688
795;29,051763365000056;40,992118464000043;0,000000000000000;1017,245819091796875
796;29,056899822000048;40,993002216000036;0,000000000000000;967,595916748046875
797;29,060416011000029;40,992082757000048;0,000000000000000;778,076568603515625
798;29,065007698000045;40,992640683000047;0,000000000000000;695,549194335937500
799;29,068915649000076;40,992849904000025;0,000000000000000;488,401954650878906
800;29,064001148000045;40,992138396000030;0,000000000000000;520,325622558593750
801;29,024769276000029;40,992790558000024;0,000000000000000;705,280899047851562
802;29,028825062000067;40,993585592000045;0,000000000000000;744,812515258789062
803;29,033749376000060;40,992916090000051;0,000000000000000;653,527839660644531
804;29,037916038000049;40,992916090000051;0,000000000000000;717,748344421386719
805;29,042082699000048;40,992916090000051;0,000000000000000;884,607498168945312
806;29,046249361000037;40,992916090000051;0,000000000000000;1022,421981811523438
807;29,050416023000025;40,992916090000051;0,000000000000000;980,371582031250000
808;29,054760087000034;40,992880383000056;0,000000000000000;913,033477783203125
809;29,058524637000062;40,992416191000075;0,000000000000000;826,984573364257812
810;29,062916008000059;40,992916090000051;0,000000000000000;753,492553710937500
811;29,066343497000048;40,993208998000057;0,000000000000000;639,601402282714844
812;29,061416010000073;40,993082756000035;0,000000000000000;598,417839050292969
813;29,026249385000028;40,993749422000064;0,000000000000000;705,577148437500000
814;29,030416046000028;40,993749422000064;0,000000000000000;736,889495849609375
815;29,035728426000048;40,994167856000047;0,000000000000000;790,997039794921875
816;29,038749370000062;40,993749422000064;0,000000000000000;784,681167602539062
817;29,042249366000078;40,993749422000064;0,000000000000000;876,594314575195312
818;29,046249361000037;40,993749422000064;0,000000000000000;1028,213592529296875
819;29,050510637000059;40,993945807000046;0,000000000000000;933,434707641601562
820;29,052311945000042;40,994106486000078;0,000000000000000;844,361816406250000
821;29,058749346000070;40,993749422000064;0,000000000000000;785,875640869140625
822;29,063838496000074;40,993892248000066;0,000000000000000;762,930068969726562
823;29,067082670000048;40,993749422000064;0,000000000000000;644,187301635742188
824;29,033085882000023;40,994192924000060;0,000000000000000;711,966812133789062
825;29,029582714000071;40,994582754000078;0,000000000000000;732,388916015625000
826;29,031679691000079;40,993913262000035;0,000000000000000;799,404968261718750
827;29,037916038000049;40,994582754000078;0,000000000000000;798,438125610351562
828;29,042082699000048;40,994582754000078;0,000000000000000;879,012023925781250
829;29,046249361000037;40,994582754000078;0,000000000000000;950,831893920898438
830;29,050416023000025;40,994582754000078;0,000000000000000;897,368881225585938
831;29,054582685000071;40,994582754000078;0,000000000000000;780,007675170898438
832;29,058571944000050;40,994502415000056;0,000000000000000;828,815414428710938
833;29,062916008000059;40,994582754000078;0,000000000000000;803,654556274414062
834;29,049082691000024;40,994916087000036;0,000000000000000;592,122741699218750
835;29,027505979000068;40,994732656000053;0,000000000000000;754,278839111328125
836;29,030416046000028;40,995416087000081;0,000000000000000;773,487487792968750
837;29,034582708000073;40,995416087000081;0,000000000000000;830,118118286132812
838;29,038749370000062;40,995416087000081;0,000000000000000;846,675994873046875
839;29,042916032000051;40,995416087000081;0,000000000000000;913,570388793945312
840;29,047082693000050;40,995416087000081;0,000000000000000;889,097869873046875
841;29,051249355000039;40,995416087000081;0,000000000000000;835,817077636718750
842;29,055416017000027;40,995416087000081;0,000000000000000;728,872940063476562
843;29,059641813000042;40,995666026000038;0,000000000000000;805,270843505859375
844;29,063749341000062;40,995416087000081;0,000000000000000;748,875411987304688
845;29,019916059000025;40,996347050000054;0,000000000000000;389,190162658691406
846;29,024582720000069;40,996249419000037;0,000000000000000;719,403884887695312
847;29,028398274000040;40,995956524000064;0,000000000000000;791,292984008789062
848;29,032620374000032;40,996082051000030;0,000000000000000;815,381958007812500
849;29,036750077000079;40,996109946000047;0,000000000000000;886,621292114257812
850;29,041249367000034;40,996249419000037;0,000000000000000;885,082321166992188
851;29,045416029000023;40,996249419000037;0,000000000000000;930,773941040039062
852;29,049582691000069;40,996249419000037;0,000000000000000;818,385025024414062
853;29,053985887000067;40,996097672000076;0,000000000000000;748,142944335937500
854;29,057916014000057;40,996249419000037;0,000000000000000;809,740554809570312
855;29,052350518000026;40,997192665000057;0,000000000000000;672,958351135253906
856;29,022452310000062;40,996887491000052;0,000000000000000;524,659606933593750
857;29,026249385000028;40,997082751000050;0,000000000000000;787,369140625000000
858;29,030249380000043;40,997082751000050;0,000000000000000;863,477310180664062
859;29,034303756000043;40,997068804000037;0,000000000000000;875,148422241210938
860;29,038396501000079;40,996957227000053;0,000000000000000;898,199172973632812
861;29,042082699000048;40,997082751000050;0,000000000000000;897,697479248046875
862;29,046249361000037;40,997082751000050;0,000000000000000;915,411300659179688
863;29,050416023000025;40,997082751000050;0,000000000000000;724,769226074218750
864;29,054582685000071;40,997082751000050;0,000000000000000;734,691024780273438
865;29,058749346000070;40,997082751000050;0,000000000000000;720,306106567382812
866;29,018937712000024;40,998041607000062;0,000000000000000;657,524337768554688
867;29,024046819000034;40,998027660000048;0,000000000000000;766,705261230468750
868;29,029063531000077;40,997162943000035;0,000000000000000;889,053863525390625
869;29,032601894000038;40,997916084000053;0,000000000000000;927,312881469726562
870;29,037082705000046;40,997916084000053;0,000000000000000;933,423522949218750
871;29,041249367000034;40,997916084000053;0,000000000000000;888,967102050781250
872;29,045416029000023;40,997916084000053;0,000000000000000;911,158096313476562
873;29,049582691000069;40,997916084000053;0,000000000000000;711,363265991210938
874;29,053749352000068;40,997916084000053;0,000000000000000;691,638504028320312
875;29,049582690000079;40,998082750000037;0,000000000000000;623,083229064941406
876;29,023650646000078;40,999558325000066;0,000000000000000;595,647277832031250
877;29,028077075000056;40,997996285000056;0,000000000000000;761,571716308593750
878;29,030284928000071;40,999851203000048;0,000000000000000;923,182891845703125
879;29,033823293000069;40,999432805000026;0,000000000000000;899,318328857421875
880;29,037916038000049;40,998749416000067;0,000000000000000;936,300292968750000
881;29,042082699000048;40,998749416000067;0,000000000000000;950,133880615234375
882;29,046249361000037;40,998749416000067;0,000000000000000;852,144119262695312
883;29,050416023000025;40,998749416000067;0,000000000000000;692,557830810546875
884;29,054582685000071;40,998749416000067;0,000000000000000;635,686424255371094
885;29,017958307000072;40,999164349000068;0,000000000000000;563,959396362304688
886;29,029540467000061;40,999052775000052;0,000000000000000;815,585815429687500
887;29,031323296000039;40,998341489000040;0,000000000000000;919,808822631835938
888;29,035841065000056;40,999861681000027;0,000000000000000;910,096099853515625
889;29,039582702000075;40,999582749000069;0,000000000000000;949,022048950195312
890;29,043749364000064;40,999582749000069;0,000000000000000;944,704116821289062
891;29,047916026000053;40,999582749000069;0,000000000000000;781,518463134765625
892;29,052082688000041;40,999582749000069;0,000000000000000;639,183677673339844
893;29,016719840000064;41,000165045000074;0,000000000000000;574,381225585937500
894;29,029265040000041;41,000764741000069;0,000000000000000;827,906951904296875
895;29,032616849000078;40,999914008000076;0,000000000000000;876,951568603515625
896;29,035342123000078;41,000708956000040;0,000000000000000;868,199493408203125
897;29,039582702000075;41,000416081000026;0,000000000000000;907,079055786132812
898;29,043749364000064;41,000416081000026;0,000000000000000;995,722869873046875
899;29,047916026000053;41,000416081000026;0,000000000000000;761,976806640625000
900;29,036582706000047;41,000916080000025;0,000000000000000;768,937973022460938
901;29,030674757000043;41,001374929000065;0,000000000000000;868,389526367187500
902;29,034582708000073;41,001249413000039;0,000000000000000;840,454299926757812
903;29,038749370000062;41,001249413000039;0,000000000000000;880,562774658203125
904;29,042916032000051;41,001249413000039;0,000000000000000;963,671478271484375
905;29,042749365000077;41,001416080000070;0,000000000000000;812,629913330078125
906;29,028621789000056;41,002166422000073;0,000000000000000;844,401245117187500
907;29,033082710000031;41,002082746000042;0,000000000000000;828,240692138671875
908;29,037082705000046;41,002082746000042;0,000000000000000;838,723388671875000
909;29,041249367000034;41,002082746000042;0,000000000000000;902,771148681640625
910;29,045416029000023;41,002082746000042;0,000000000000000;880,569763183593750
911;29,030822591000060;41,002916078000055;0,000000000000000;767,520172119140625
912;29,034582708000073;41,002916078000055;0,000000000000000;759,287109375000000
913;29,038749370000062;41,002916078000055;0,000000000000000;871,675689697265625
914;29,042509487000075;41,002748727000039;0,000000000000000;914,823242187500000
915;29,045706410000037;41,003542956000047;0,000000000000000;785,981323242187500
916;29,029806228000041;41,003707573000042;0,000000000000000;697,048263549804688
917;29,034582708000073;41,003749410000069;0,000000000000000;728,231018066406250
918;29,038749370000062;41,003749410000069;0,000000000000000;826,400527954101562
919;29,046427104000031;41,005227641000033;0,000000000000000;886,636550903320312
920;29,044172626000034;41,003692946000058;0,000000000000000;773,211914062500000
921;29,030416046000028;41,004582743000071;0,000000000000000;689,125778198242188
922;29,034582708000073;41,004582743000071;0,000000000000000;715,317520141601562
923;29,038139552000075;41,005224235000071;0,000000000000000;745,901306152343750
924;29,042952991000050;41,004485124000041;0,000000000000000;825,082672119140625
925;29,040340707000041;41,004860294000025;0,000000000000000;739,305786132812500
926;29,032916043000057;41,005416075000028;0,000000000000000;702,559860229492188
927;29,036620722000066;41,005694982000080;0,000000000000000;689,834487915039062
928;29,042321169000047;41,005485801000077;0,000000000000000;767,226425170898438
929;29,046728061000067;41,006503806000069;0,000000000000000;797,052352905273438
930;29,031249379000030;41,006249407000041;0,000000000000000;622,997680664062500
931;29,035416040000030;41,006249407000041;0,000000000000000;563,495880126953125
932;29,039582702000075;41,006249407000041;0,000000000000000;721,269927978515625
933;29,044155909000040;41,005635815000062;0,000000000000000;791,150085449218750
934;29,035249374000045;41,006916073000070;0,000000000000000;627,972717285156250
935;29,036249373000032;41,007082740000044;0,000000000000000;600,517318725585938
936;29,041432398000040;41,006943290000038;0,000000000000000;746,113983154296875
937;29,045580580000035;41,008017050000035;0,000000000000000;808,054061889648438
938;29,034582708000073;41,007916072000057;0,000000000000000;518,657463073730469
939;29,038010197000062;41,007497725000064;0,000000000000000;697,838653564453125
940;29,043248660000074;41,007846348000044;0,000000000000000;795,449890136718750
941;29,040062107000040;41,009224861000064;0,000000000000000;722,873672485351562
942;29,037601889000030;41,009014352000065;0,000000000000000;707,789871215820312
943;29,042082699000048;41,008749404000071;0,000000000000000;742,735641479492188
944;29,043416383000078;41,009571466000068;0,000000000000000;674,544448852539062
945;29,037082705000046;41,009582737000073;0,000000000000000;729,527816772460938
946;29,041249367000034;41,009582737000073;0,000000000000000;689,484390258789062
947;29,045157318000065;41,009066789000030;0,000000000000000;596,639427185058594
948;29,035733714000060;41,010973840000077;0,000000000000000;692,989242553710938
949;29,037749371000075;41,010916069000075;0,000000000000000;681,257591247558594
950;29,039742442000033;41,011000629000080;0,000000000000000;654,009613037109375
